sentence1,sentence2,label
"喜欢打篮球的男生喜欢什么样的女生","打篮球的男生喜欢什么样的女生",1
"我手机丢了，我想换个手机","我想买个新手机，求推荐",1
"大家觉得她好看吗","好看吗？？？",1
"求秋天好看的马甲搭配","秋天马甲怎么搭配才好看",1
"你在干嘛呢？","你现在在做什么？",1
"好看的各种短碎发","求好看的短碎发发型",1
"这个字怎么念","这个字怎么读",1
"红烧肉怎么做","求红烧肉的做法",1
"哪里可以看这部电影","这电影哪里能看",1
"微信怎么解除绑定","怎么解绑微信",1
"苹果手机怎么截图","iPhone怎么截屏",1
"今天天气真好","今天天气真不错",1
"我想听音乐","给我放首音乐吧",1
"去北京旅游要准备什么","去北京玩需要带什么",1
"如何快速入睡","怎么才能快点睡着",1
"电脑开不了机怎么办","电脑无法启动怎么解决",1
"有什么好看的动漫推荐","求推荐好看的动漫",1
"感冒了吃什么药好得快","严重感冒吃什么药最有效",1
"怎样瘦肚子最有效","如何减掉肚子上的赘肉",1
"高铁票退票扣多少手续费","高铁退票手续费怎么算的",1
"喜欢打篮球的男生喜欢什么样的女生","男孩子喜欢什么类型的女孩",0
"我手机丢了，我想换个手机","我的手机一直卡怎么回事",0
"大家觉得她好看吗","她看起来心情不好",0
"求秋天好看的马甲搭配","秋天适合穿什么鞋子",0
"你在干嘛呢？","我今天去逛街了",0
"好看的各种短碎发","长发怎么护理比较好",0
"这个字怎么念","这个字写得真好看",0
"红烧肉怎么做","今天晚上吃红烧肉",0
"哪里可以看这部电影","这部电影的票房多少",0
"微信怎么解除绑定","微信怎么找回密码",0
"苹果手机怎么截图","苹果手机电池不耐用",0
"今天天气真好","昨天下了很大的雨",0
"我想听音乐","我想去看电影",0
"去北京旅游要准备什么","北京有什么好吃的美食",0
"如何快速入睡","早上总是起不来怎么办",0
"电脑开不了机怎么办","电脑玩游戏很卡",0
"有什么好看的动漫推荐","推荐几本好看的小说",0
"感冒了吃什么药好得快","肚子痛吃什么药",0
"怎样瘦肚子最有效","怎样锻炼手臂肌肉",0
"高铁票退票扣多少手续费","高铁票怎么改签",0
"你叫什么名字","你的名字是",1
"我喜欢苹果","我爱吃苹果",1
"怎么减肥","如何变瘦",1
"这首歌真好听","这曲子很棒",1
"我很开心","我今天很高兴",1
"怎么去火车站","火车站怎么走",1
"今天星期几","今天是周几",1
"如何学好英语","英语怎么学才好",1
"我想买衣服","我要去买件衣服",1
"这只猫好可爱","好萌的猫咪啊",1
"你叫什么名字","你是哪里人",0
"我喜欢苹果","我喜欢橘子",0
"怎么减肥","怎么增肌",0
"这首歌真好听","这部电影评分很高",0
"我很开心","我很难过",0
"怎么去火车站","怎么去机场",0
"今天星期几","今天几号",0
"如何学好英语","如何学好数学",0
"我想买衣服","我想买双鞋",0
"这只猫好可爱","这只狗真凶",0
"蓝莓酱怎么吃","蓝莓鹅肝怎么做",0
"为什么我新买来的鼠标不能用","为什么我的鼠标右键不能用",0
"请问化学、英语好，选什么专业合适呢","选化学考什么大学比较好？",0
"审视的近义词是什么","审视的近义词是什么？",1
"苹果6怎么分辨真假","苹果怎么分辨真假",1
"抢火车票用什么软件好","有什么软件可以看火车票的么",0
"这是谁好可爱啊","这两个石头，留哪个好？",0
"什么铸什么宝成语成语","臣是斜着的猜成语？什么成语？",0
"脸上长了小黑点怎么去除？","哎！脸上长了小黑点。不知怎样去除",1
"哲学家们都干了些什么?","哲学家们都干了什么？",1
"男生成人礼送什么礼物好？","成人礼礼物送男生什么好？",0
"为什么黑人喜欢吃白色巧克力？","为什么黑人喜欢吃白色巧克力",1
"如何一夜暴富","爱拼音怎么样",0
"女朋友突然不理我了怎么办","女朋友突然就不理我了.我到底该怎么办.",1
"招财宝您是可是可以说一下的。","同一笔资金可以全部变现，也可以部分变现。",0
"雷克萨斯是哪个国家的？","雷克萨斯哪个国家产的",1
"有什么好看电视剧，韩国的？","有什么好看的韩国电视剧？",1
"求这个头像的高清大图","求这个头像的高清大图！",1
"摩托车买什么品牌的好","买什么品牌的摩托车又好又经济",1
"怎么死法不痛苦","怎么死法最不痛苦",1
"赛尔号勇者之塔41层怎么打","赛尔号勇者之塔70层怎么打",0
"一囤等于多少千克？","一平方等于多少吨？",0
"请问是您的朋友给您转账您没有收到，还是您朋友给您转账您没收到呢","请问您有没有联系您的家人或者朋友核实有没有登录您的账户操作交易？",0
"如何规划自己的人生","如何规划自己的人生？",1
"恩，这边给您推送查询一下是否有其他账户可以吗？","这边帮您推送一下，查询一下您是否有其他账户可以吗?",1
"录音笔什么牌子的好?","录音笔什么牌子音质好",1
"前列腺如何按摩","如何按摩前列腺？",1
"谁有周杰伦帅照片？","谁有周杰伦的照片",1
"时空猎人怎么找回帐号","时空猎人怎样找回帐号号",1
"广州天气怎么样","广州天气怎么样？",1
"用旧了的人民币怎么辨别真伪","现在的人民币怎么真伪辨别",0
"梦见自己丢手机","梦见手机被偷了",0
"我的世界手机板怎么去地狱","我的世界手机版怎么进地狱图",1
"爱情代表什么？","什么花代表爱情？",0
"您现在使用的手机号码开头是4位是多少的呢？","麻烦您输入后八位，手机型号、使用版本、无法登录的时间、账户号，",0
"增值税专用发票问题","关于增值税专用发票的问题",1
"我喜欢吃鼻屎怎么办","我喜欢吃鼻屎怎么办？",1
"香蕉怎么吃才好吃","炸香蕉怎么做好吃？",0
"这种图片叫什么图","这种图片要哪里搜",0
"电预约是什么意思","预约是什么意思",0
"冬季怎么搭配衣服好看","冬天短发怎么搭配衣服好看。",1
"喝黄豆豆浆拉的屎怎么臭","黄豆怎么做豆浆",0
"世界人口最多的国家","世界面积最小的大洲是：",0
"关于汪涵和杨乐乐","汪涵和杨乐乐",1
"您好，预约成功还是购买成功呢？","预约成功是无法取消的，可能在您的修改前同时已经预约成功了的",0
"这个表情叫什么？是哪个系列的？","这个表情是什么系列的",1
"炒菜什么时候放盐，才好吃","炒菜时盐在什么时候放入最好",1
"能给我霸王爱人的全集漫画吗？","求霸王爱人的漫画全集",1
"怎么才能死悄悄？","怎么才能不怕死",0
"欲穷千里目，更上一层楼。猜成语","猜成语欲穷千里目，更上一层楼",1
"为什么要说“人最大的敌人是自己”","人最大的敌人就是自己是谁说的急！",0
"这张照片上的人是谁","这张照片怎么样？",1
"怎么删除腾讯微博里照片？","腾讯微博里的照片怎么删除",1
"求逃脱等类似的小说","求类似于逃脱的小说",1
"上海都有哪什么论坛？人气比较高","上海哪个论坛的人气比较高？",1
"如何离线缓存","怎么离线缓存",1
"她是否真的爱你","真的是爱吗？",0
"爷爷奶奶与本人关系怎么写","爷爷奶奶与本人关系怎么填",1
"求解梦，梦见佛","求解梦：梦见蛇",0
"锌铜是什么材料","什么材料又轻又硬",0
"笑哭了的表情怎么弄","这个表情怎么弄出来",0
"免费网游加速器哪个好","网游加速器哪个好？免费的。",1
"无锡哪里好玩？","无锡哪里最好玩",1
"这双鞋子配什么裤子好看","这双鞋子配什么样的裤子好看",1
"求电视剧或小说","电视剧断刺有小说吗？",0
"不稀罕：是什么意思？","他对我说稀罕你是什么意思呀",0
"什么眼霜去细纹好？","什么眼霜去细纹好?",1
"什么脸型好看","我这什么脸型？哎！不好看呀！",0
"为什么我注册淘宝的账户是激活失败？","淘宝账户过期了我现在要激活怎么办？",0
"魔法禁书目录小说","《魔法禁书目录》小说",1
"小对联：孙行者","对对联：孙行者",1
"罪恶都市怎么出这个啊联机","罪恶都市联机怎么爆别人的胎",0
"维达宝奶粉怎样有谁喝过","酵素减肥有用吗？谁用过的",0
"腰部按摩器什么牌子好？","腰部按摩器什么牌子的好呢",1
"江苏城市职业学院那学校怎么样？南京校区的","江苏城市职业学院南京校区怎么样啊？",1
"有没有类似甄嬛的小说","有没有与诛仙类似的小说",0
